"factor","covariable","groups","t_test","m_whitney_wilcoxon","t_test_adj","m_whitney_wilcoxon_adj"
"Factor21","chd","male",0.155572142126687,0.0430362823333652,0.155572142126687,0.0430362823333652
"Factor21","chd","female",0.0154635077038052,0.00345354395728542,0.0309270154076104,0.00690708791457083
