"Estimate","Lower","Upper"
"NRI",0.00216516469177524,-0.0800888631621689,0.0805251497757061
"NRI+",-0.0169343401938424,-0.0984051902626995,0.0577430930995529
"NRI-",0.0190995048856176,0.00530161846494859,0.0339961762051569
