"C Index","Dxy","S.D.","n","missing","uncensored","Relevant Pairs","Concordant","Uncertain","SE","Low95","Upper95","p_value"
"Cstat",0.734277787857682,0.468555575715364,0.0336697322082405,2055,0,201,683428,501826,3537528,0.0168348661041202,0.701281450293607,0.767274125421758,NA
"Cstat.factor",0.734201700837543,0.468403401675085,0.0338282088522716,2055,0,201,683428,501774,3537528,0.0169141044261358,0.701205363273467,0.767198038401618,0.96632367205832
