"Estimate","Lower","Upper"
"NRI",0.029191768142665,-0.080369456471494,0.134911761840346
"NRI+",-0.00166896482043016,-0.102363880216381,0.101084149915683
"NRI-",0.0308607329630951,0.00762284235074375,0.0541848396433322
