"C Index","Dxy","S.D.","n","missing","uncensored","Relevant Pairs","Concordant","Uncertain","SE","Low95","Upper95","p_value"
"Cstat",0.713553990105399,0.427107980210798,0.0501101941688527,871,0,103,148768,106154,609002,0.0250550970844263,0.664445999819923,0.762661980390875,NA
"Cstat.factor",0.719953215745322,0.439906431490643,0.0496422338444269,871,0,103,148768,107106,609002,0.0248211169222134,0.670845225459846,0.769061206030797,0.297351344842017
