"Estimate","Lower","Upper"
"NRI",-0.0211942586524533,-0.081722493851649,0.0388517896127779
"NRI+",-0.0258452939163334,-0.0855432990117271,0.032957880345868
"NRI-",0.0046510352638801,-0.00437172755934142,0.013665101387714
