"C Index","Dxy","S.D.","n","missing","uncensored","Relevant Pairs","Concordant","Uncertain","SE","Low95","Upper95","p_value"
"Cstat",0.734277787857682,0.468555575715364,0.0336697322082405,2055,0,201,683428,501826,3537528,0.0168348661041202,0.701281450293607,0.767274125421758,NA
"Cstat.factor",0.740171605494653,0.480343210989307,0.0331618831063379,2055,0,201,683428,505854,3537528,0.0165809415531689,0.707175267930578,0.773167943058729,0.196837854180722
