"estim","lower","upper","pval"
"nri",20.7850026207857,4.83037168735281,36.7396335542186,0.0106690309722843
"nri.cas",19.9738485447731,4.29013572051786,35.6575613690284,0.0125569269356947
"nri.cont",0.811154076012598,-1.69350546936049,3.31581362138569,0.525591444507122
"nri.int",48.0785470303389,17.9112192999833,78.2458747606944,0.00178621840323534
"nri.int.cas",21.8865236952519,-6.20130250542748,49.9743498959313,0.126701816576446
"nri.int.cont",26.1920233350869,16.5151893917824,35.8688572783915,1.12684591435652e-07
"nri.int.corr",23.9911089675846,4.54753690381037,43.4346810313588,0.0155903074173822
"nri.int.corr.cas",21.8305135307317,4.11819286192071,39.5428341995426,0.0157065356616344
"nri.int.corr.cont",2.16059543685292,-4.7169237662852,9.03811463999103,0.538073276930348
