"C Index","Dxy","S.D.","n","missing","uncensored","Relevant Pairs","Concordant","Uncertain","SE","Low95","Upper95","p_value"
"Cstat",0.734277787857682,0.468555575715364,0.0336697322082405,2055,0,201,683428,501826,3537528,0.0168348661041202,0.701281450293607,0.767274125421758,NA
"Cstat.factor",0.754566684420305,0.509133368840609,0.0330590676149624,2055,0,201,683428,515692,3537528,0.0165295338074812,0.721570346856229,0.78756302198438,0.0109614872802011
