"Estimate","Lower","Upper"
"NRI",0.208557713294827,0.050424158178319,0.37377896375859
"NRI+",0.200435246968667,0.0433560474153777,0.367400773825797
"NRI-",0.00812246632615927,-0.0165460191335657,0.0330106626039676
