"Estimate","Lower","Upper"
"NRI",0.0122877619150671,-0.0648315594649742,0.0843504579468404
"NRI+",-0.0331700801917512,-0.105964390780175,0.0324400026766729
"NRI-",0.0454578421068183,0.0299382929499923,0.0600526754564309
