"C Index","Dxy","S.D.","n","missing","uncensored","Relevant Pairs","Concordant","Uncertain","SE","Low95","Upper95","p_value"
"Cstat",0.734277787857682,0.468555575715364,0.0336697322082405,2055,0,201,683428,501826,3537528,0.0168348661041202,0.701281450293607,0.767274125421758,NA
"Cstat.factor",0.746214670748052,0.492429341496105,0.0338210442230562,2055,0,201,683428,509984,3537528,0.0169105221115281,0.713218333183977,0.779211008312128,0.0107903072510354
