"C Index","Dxy","S.D.","n","missing","uncensored","Relevant Pairs","Concordant","Uncertain","SE","Low95","Upper95","p_value"
"Cstat",0.749175194906172,0.498350389812344,0.0476648783344135,1184,0,98,190348,142604,1210320,0.0238324391672067,0.702463614138447,0.795886775673897,NA
"Cstat.factor",0.787116229222267,0.574232458444533,0.0463333789670205,1184,0,98,190348,149826,1210320,0.0231666894835102,0.740404648454541,0.833827809989992,0.0133750952448153
