"C Index","Dxy","S.D.","n","missing","uncensored","Relevant Pairs","Concordant","Uncertain","SE","Low95","Upper95","p_value"
"Cstat",0.734277787857682,0.468555575715364,0.0336697322082405,2055,0,201,683428,501826,3537528,0.0168348661041202,0.701281450293607,0.767274125421758,NA
"Cstat.factor",0.740628127615491,0.481256255230983,0.0329166189268509,2055,0,201,683428,506166,3537528,0.0164583094634254,0.707631790051416,0.773624465179567,0.026283743176406
