"C Index","Dxy","S.D.","n","missing","uncensored","Relevant Pairs","Concordant","Uncertain","SE","Low95","Upper95","p_value"
"Cstat",0.734277787857682,0.468555575715364,0.0336697322082405,2055,0,201,683428,501826,3537528,0.0168348661041202,0.701281450293607,0.767274125421758,NA
"Cstat.factor",0.734295346400791,0.468590692801583,0.0336690844018302,2055,0,201,683428,501838,3537528,0.0168345422009151,0.701299008836716,0.767291683964867,0.789627087722594
