"Estimate","Lower","Upper"
"NRI",0.091146888057349,-0.0844878204454164,0.273743539620451
"NRI+",-0.0974187862618417,-0.258650707657093,0.0787064800956374
"NRI-",0.188565674319191,0.143509808608159,0.230050722511959
