"Estimate","Lower","Upper"
"NRI",-0.0759871908859682,-0.267104245747234,0.117020494688615
"NRI+",-0.0439892957284647,-0.231257753968549,0.147334324776061
"NRI-",-0.0319978951575035,-0.0765534270242043,0.0166969333790805
