"estim","lower","upper","pval"
"nri",2.34287449643908,-3.2671586513782,7.95290764425635,0.413057752519373
"nri.cas",0.799063679887638,-4.70963235045881,6.30775971023408,0.776178573113173
"nri.cont",1.54381081655144,0.609390259836232,2.47823137326665,0.00120298658500095
"nri.int",4.04196417655274,-2.97333756056835,11.0572659136738,0.258787894558264
"nri.int.cas",-6.93889390390723e-16,-6.34559431615465,6.34559431615465,1
"nri.int.cont",4.04196417655274,1.25790079246263,6.82602756064284,0.00443391663819748
"nri.int.corr",4.20332380224312,-3.43428626208264,11.8409338665689,0.280740561457226
"nri.int.corr.cas",1.02003689635348,-6.3179683796418,8.35804217234876,0.785276446377373
"nri.int.corr.cont",3.18328690588964,1.25016391691352,5.11640989486577,0.00124883083166938
