"estim","lower","upper","pval"
"nri",0,-0.222515248434723,0.222515248434723,1
"nri.cas",0,0,0,NA
"nri.cont",0,-0.222515248434723,0.222515248434723,1
"nri.int",-0.425428689087697,-1.214741098449,0.363883720273608,0.290788237251864
"nri.int.cas",0,0,0,NA
"nri.int.cont",-0.425428689087697,-1.214741098449,0.363883720273608,0.290788237251864
"nri.int.corr",0.000906876904758179,-0.455942672050169,0.457756425859685,0.996895710625911
"nri.int.corr.cas",0,0,0,NA
"nri.int.corr.cont",0.000906876904758179,-0.455942672050169,0.457756425859685,0.996895710625911
