"Estimate","Lower","Upper"
"NRI",0.21749994763815,0.0225201022402867,0.401109931313773
"NRI+",0.0286621977824927,-0.165994926776577,0.216550759605659
"NRI-",0.188837749855657,0.146186309568645,0.231824057776617
