"estim","lower","upper","pval"
"nri",-2.04759478282946,-8.30810181990978,4.21291225425087,0.521499123514009
"nri.cas",-2.51571629865647,-8.68356937282635,3.65213677551342,0.424046143295431
"nri.cont",0.468121515827007,-0.496441169676039,1.43268420133005,0.341497972860853
"nri.int",-3.40278177221052,-17.5269684354549,10.7214048910339,0.636789659896559
"nri.int.cas",-4.67869070277714,-18.5495836724855,9.19220226693124,0.508547356381195
"nri.int.cont",1.27590893056662,-1.33871443612406,3.8905322972573,0.338848983770297
"nri.int.corr",-2.37996262235934,-10.7420411747325,5.9821159300138,0.576958617362243
"nri.int.corr.cas",-3.34650923498671,-11.4311394459806,4.73812097600715,0.417195037427897
"nri.int.corr.cont",0.966546612627369,-1.01463340869286,2.94772663394759,0.338973185149627
