"estim","lower","upper","pval"
"nri",1.30159699550031,-5.84023853662169,8.44343252762231,0.72094003346023
"nri.cas",-3.24908630079076,-10.3162985427827,3.81812594120118,0.367548153695832
"nri.cont",4.55068329629107,3.02565487178643,6.0757117207957,4.9593449347185e-09
"nri.int",11.4303319505074,-5.61962578981381,28.4802896908287,0.188858155863055
"nri.int.cas",-4.14747414402834,-20.6052420496705,12.3102937616138,0.621359279452772
"nri.int.cont",15.5778060945358,11.2104061759917,19.9452060130799,2.73181477439266e-12
"nri.int.corr",4.90315985311067,-4.37000592498293,14.1763256312043,0.300050385949431
"nri.int.corr.cas",-4.4297019830865,-13.4804506910928,4.62104672491981,0.337425825223286
"nri.int.corr.cont",9.33286183619716,6.28969385711977,12.3760298152746,1.84535586811307e-09
