"Estimate","Lower","Upper"
"NRI",0.21403531685349,-0.0518890554600257,0.465003756711769
"NRI+",0.174101871724009,-0.0912344148650865,0.410523557878896
"NRI-",0.0399334451294809,-0.0290367961318946,0.112549967907665
