"estim","lower","upper","pval"
"nri",5.00367894598423,-4.89120547973868,14.8985633717071,0.321626362851996
"nri.cas",2.48224438271472,-7.21229451113639,12.1767832765658,0.615779914478344
"nri.cont",2.52143456326951,0.818918623595871,4.22395050294315,0.00369941480565927
"nri.int",21.0504759158871,2.90999583703234,39.190955994742,0.0229437132789316
"nri.int.cas",7.01046399653432,-10.7086378674135,24.7295658604821,0.438074486206266
"nri.int.cont",14.0400119193528,8.89462601361025,19.1853978250954,8.88938691545604e-08
"nri.int.corr",8.20238135205409,-5.79042382150337,22.1951865256115,0.250596092611297
"nri.int.corr.cas",3.32471679532602,-10.1088442167131,16.7582778073651,0.627621002923583
"nri.int.corr.cont",4.87766455672807,1.50891922512536,8.24640988833077,0.00454162860941998
