"Estimate","Lower","Upper"
"NRI",0.316125538655831,0.119990567471969,0.503152980023534
"NRI+",0.0477918280981319,-0.144839061961265,0.2346511602522
"NRI-",0.268333710557699,0.224603214734019,0.306197343105737
