"Estimate","Lower","Upper"
"NRI",-0.036898001886677,-0.22279378017065,0.14530782091443
"NRI+",-0.147237857468673,-0.327468490849101,0.0269670851303724
"NRI-",0.110339855581996,0.0656317418829535,0.158338538427373
