"Estimate","Lower","Upper"
"NRI",0.505078967442756,0.221931838921093,0.789760882032794
"NRI+",0.322889828717389,0.0491447059622001,0.605141074989417
"NRI-",0.182189138725367,0.127600716517124,0.237862419174225
