"Estimate","Lower","Upper"
"NRI",0.405372457666031,0.231785678974861,0.577513158759776
"NRI+",0.291645299161706,0.12020052285198,0.455447260090695
"NRI-",0.113727158504325,0.0695959687311932,0.156406230417339
