"estim","lower","upper","pval"
"nri",2.92788096273397,-7.21041216596632,13.0661740914343,0.571375855870411
"nri.cas",-0.160497141296531,-9.78259560282763,9.46160132023457,0.973919957107749
"nri.cont",3.0883781040305,0.485223421079062,5.69153278698193,0.020056041914899
"nri.int",24.1856094988414,4.93935001294689,43.431868984736,0.0137792166723412
"nri.int.cas",16.7976985869844,-1.61422969218991,35.2096268661588,0.0737553611957915
"nri.int.cont",7.38791091185702,1.78524118048122,12.9905806432328,0.00975233640003692
"nri.int.corr",6.61280268357852,-9.53481137532055,22.7604167424776,0.422178038518625
"nri.int.corr.cas",1.46671096875051,-13.7565778092811,16.6899997467821,0.85022157612323
"nri.int.corr.cont",5.14609171482801,0.867382335003256,9.42480109465277,0.0184089153194285
